SNP	beta.exposure	se.exposure	effect_allele.exposure	other_allele.exposure	eaf.exposure	pval.exposure	exposure	id.exposure	samplesize.exposure	chr.exposure	pos.exposure	mr_keep.exposure	data_source.exposure
"rs6816898"	-0.185104033080919	0.00795834890777883	"C"	"A"	0.460926747209053	1.1481e-119	"eQTLGen_CXCL10"	"CXCL10"	NA	4	76969057	TRUE	"eQTLGen_reconstructed"
"rs506893"	-0.229180838576228	0.00885100484205228	"G"	"T"	0.27035965274907	7.9441e-148	"eQTLGen_GBP4"	"GBP4"	NA	1	89687213	TRUE	"eQTLGen_reconstructed"
"rs6674748"	-0.0929424560024198	0.0104297303426458	"C"	"T"	0.178713401116123	5.0392e-19	"eQTLGen_GBP4"	"GBP4"	NA	1	89712871	TRUE	"eQTLGen_reconstructed"
"rs1046040"	0.505385115020097	0.01056645553386	"A"	"G"	0.221390260740269	2.15656270667885e-308	"eQTLGen_GPX4"	"GPX4"	NA	19	1095514	TRUE	"eQTLGen_reconstructed"
"rs1076266"	-0.610014995959587	0.0245608347241237	"G"	"C"	0.0435596864812374	3.5735e-136	"eQTLGen_GPX4"	"GPX4"	NA	19	1124834	TRUE	"eQTLGen_reconstructed"
"rs930231"	0.111869165989722	0.0111397952650013	"A"	"G"	0.278658091891534	9.9431e-24	"eQTLGen_GPX4"	"GPX4"	NA	19	1036444	TRUE	"eQTLGen_reconstructed"
"rs2729483"	-0.121540378305673	0.011630769510299	"C"	"A"	0.183225341972642	1.4653e-25	"eQTLGen_IDO1"	"IDO1"	NA	8	39825172	TRUE	"eQTLGen_reconstructed"
"rs7820268"	0.293430631758008	0.00910757649404244	"T"	"C"	0.330696380923748	9.815e-228	"eQTLGen_IDO1"	"IDO1"	NA	8	39777529	TRUE	"eQTLGen_reconstructed"
"rs41294149"	-0.163889224125864	0.0258109525207672	"G"	"C"	0.0247412366770557	2.1588e-10	"eQTLGen_IL15RA"	"IL15RA"	NA	10	5999470	TRUE	"eQTLGen_reconstructed"
"rs687805"	0.082118468761202	0.00965611146845737	"T"	"C"	0.257444114565141	1.8285e-17	"eQTLGen_IL15RA"	"IL15RA"	NA	10	5987171	TRUE	"eQTLGen_reconstructed"
"rs75009644"	-0.140795192177343	0.0219968428730206	"T"	"C"	0.0396926434482131	1.5456e-10	"eQTLGen_IL15RA"	"IL15RA"	NA	10	5935476	TRUE	"eQTLGen_reconstructed"
"rs8177637"	0.312007273831759	0.00781068722010502	"A"	"G"	0.481801498700107	2.15656270667885e-308	"eQTLGen_IL15RA"	"IL15RA"	NA	10	6017838	TRUE	"eQTLGen_reconstructed"
"rs1746137"	0.129359925922986	0.0173772770644241	"T"	"C"	0.180096819658067	9.7681e-14	"eQTLGen_SLC31A1"	"SLC31A1"	NA	9	116140667	TRUE	"eQTLGen_reconstructed"
"rs4390018"	-0.365640962534958	0.0115773280308702	"C"	"T"	0.503937910995565	6.4008e-219	"eQTLGen_SLC31A1"	"SLC31A1"	NA	9	115973393	TRUE	"eQTLGen_reconstructed"
"rs6477990"	-0.134790250801933	0.0122809004338654	"A"	"G"	0.360310421286031	5.0072e-28	"eQTLGen_SLC31A1"	"SLC31A1"	NA	9	115944091	TRUE	"eQTLGen_reconstructed"
"rs144603963"	-0.367770284298119	0.0345239926682799	"A"	"G"	0.0184823818019625	1.6956e-26	"eQTLGen_TGFBI"	"TGFBI"	NA	5	135827316	TRUE	"eQTLGen_reconstructed"
"rs17750709"	0.143191562607139	0.0234555698150863	"T"	"C"	0.030135088326983	1.0306e-09	"eQTLGen_TGFBI"	"TGFBI"	NA	5	135566428	TRUE	"eQTLGen_reconstructed"
"rs59575101"	-0.589358114154325	0.0123652630617494	"G"	"T"	0.11411087113031	2.15656270667885e-308	"eQTLGen_TGFBI"	"TGFBI"	NA	5	135333171	TRUE	"eQTLGen_reconstructed"
"rs62364444"	0.20059805447712	0.0257216564698569	"C"	"T"	0.0258575622310693	6.2598e-15	"eQTLGen_TGFBI"	"TGFBI"	NA	5	135358950	TRUE	"eQTLGen_reconstructed"
"rs77552972"	-0.676881952093702	0.0232302929206876	"G"	"A"	0.0319175463386252	1.1857e-186	"eQTLGen_TGFBI"	"TGFBI"	NA	5	135235368	TRUE	"eQTLGen_reconstructed"
"rs77942170"	0.244675575277967	0.0230226556586592	"C"	"T"	0.0330741700604714	2.2222e-26	"eQTLGen_TGFBI"	"TGFBI"	NA	5	135472443	TRUE	"eQTLGen_reconstructed"
"rs36048657"	0.107492307503648	0.00902189813368873	"T"	"C"	0.262924360862505	9.9342e-33	"eQTLGen_TGFBR3"	"TGFBR3"	NA	1	92022364	TRUE	"eQTLGen_reconstructed"
"rs4658259"	0.0833893773604083	0.0103954744456173	"C"	"A"	0.177168314598293	1.0438e-15	"eQTLGen_TGFBR3"	"TGFBR3"	NA	1	92151760	TRUE	"eQTLGen_reconstructed"
