SNP	chr	pos	beta.outcome	se.outcome	samplesize.outcome	pval.outcome	eaf.outcome	effect_allele.outcome	other_allele.outcome	outcome	id.outcome	originalname.outcome	outcome.deprecated	mr_keep.outcome	data_source.outcome
"rs506893"	"1"	"89687213"	0.1278	0.088601	NA	0.149183	0.802294	"T"	"G"	"Pancreatic cancer || id:bbj-a-140"	"bbj-a-140"	"Pancreatic cancer"	"Pancreatic cancer ||  || "	TRUE	"igd"
"rs6674748"	"1"	"89712871"	0.00760672	0.12276	NA	0.950591	0.105136	"C"	"T"	"Pancreatic cancer || id:bbj-a-140"	"bbj-a-140"	"Pancreatic cancer"	"Pancreatic cancer ||  || "	TRUE	"igd"
"rs36048657"	"1"	"92022364"	0.10784	0.0689236	NA	0.117669	0.601272	"C"	"T"	"Pancreatic cancer || id:bbj-a-140"	"bbj-a-140"	"Pancreatic cancer"	"Pancreatic cancer ||  || "	TRUE	"igd"
"rs4658259"	"1"	"92151760"	0.0442973	0.108575	NA	0.683282	0.11047	"C"	"A"	"Pancreatic cancer || id:bbj-a-140"	"bbj-a-140"	"Pancreatic cancer"	"Pancreatic cancer ||  || "	TRUE	"igd"
"rs41294149"	"10"	"5999470"	-0.00414656	0.115239	NA	0.971296	0.094825	"G"	"C"	"Pancreatic cancer || id:bbj-a-140"	"bbj-a-140"	"Pancreatic cancer"	"Pancreatic cancer ||  || "	TRUE	"igd"
"rs8177637"	"10"	"6017838"	-0.0522431	0.0685894	NA	0.446252	0.446395	"G"	"A"	"Pancreatic cancer || id:bbj-a-140"	"bbj-a-140"	"Pancreatic cancer"	"Pancreatic cancer ||  || "	TRUE	"igd"
"rs930231"	"19"	"1036444"	0.0369299	0.145488	NA	0.799623	0.0820058	"A"	"G"	"Pancreatic cancer || id:bbj-a-140"	"bbj-a-140"	"Pancreatic cancer"	"Pancreatic cancer ||  || "	TRUE	"igd"
"rs1046040"	"19"	"1095514"	-0.0672966	0.0894745	NA	0.451972	0.169589	"A"	"G"	"Pancreatic cancer || id:bbj-a-140"	"bbj-a-140"	"Pancreatic cancer"	"Pancreatic cancer ||  || "	TRUE	"igd"
"rs1076266"	"19"	"1124834"	0.0330688	0.0910702	NA	0.716521	0.192469	"G"	"C"	"Pancreatic cancer || id:bbj-a-140"	"bbj-a-140"	"Pancreatic cancer"	"Pancreatic cancer ||  || "	TRUE	"igd"
"rs6816898"	"4"	"76969057"	-0.0630777	0.13104	NA	0.63026	0.918804	"A"	"C"	"Pancreatic cancer || id:bbj-a-140"	"bbj-a-140"	"Pancreatic cancer"	"Pancreatic cancer ||  || "	TRUE	"igd"
"rs59575101"	"5"	"135333171"	0.0886792	0.0952108	NA	0.351648	0.169343	"G"	"T"	"Pancreatic cancer || id:bbj-a-140"	"bbj-a-140"	"Pancreatic cancer"	"Pancreatic cancer ||  || "	TRUE	"igd"
"rs62364444"	"5"	"135358950"	-0.0225101	0.206137	NA	0.913044	0.0385217	"C"	"T"	"Pancreatic cancer || id:bbj-a-140"	"bbj-a-140"	"Pancreatic cancer"	"Pancreatic cancer ||  || "	TRUE	"igd"
"rs7820268"	"8"	"39777529"	0.0585962	0.0937312	NA	0.531872	0.150902	"T"	"C"	"Pancreatic cancer || id:bbj-a-140"	"bbj-a-140"	"Pancreatic cancer"	"Pancreatic cancer ||  || "	TRUE	"igd"
"rs2729483"	"8"	"39825172"	0.0702904	0.0787033	NA	0.371801	0.366693	"C"	"A"	"Pancreatic cancer || id:bbj-a-140"	"bbj-a-140"	"Pancreatic cancer"	"Pancreatic cancer ||  || "	TRUE	"igd"
"rs6477990"	"9"	"115944091"	0.101385	0.104485	NA	0.33188	0.883149	"G"	"A"	"Pancreatic cancer || id:bbj-a-140"	"bbj-a-140"	"Pancreatic cancer"	"Pancreatic cancer ||  || "	TRUE	"igd"
"rs4390018"	"9"	"115973393"	0.0453896	0.0818413	NA	0.579166	0.236412	"C"	"T"	"Pancreatic cancer || id:bbj-a-140"	"bbj-a-140"	"Pancreatic cancer"	"Pancreatic cancer ||  || "	TRUE	"igd"
"rs1746137"	"9"	"116140667"	-0.0562542	0.138269	NA	0.684121	0.0791005	"T"	"C"	"Pancreatic cancer || id:bbj-a-140"	"bbj-a-140"	"Pancreatic cancer"	"Pancreatic cancer ||  || "	TRUE	"igd"
