SNP	effect_allele.exposure	other_allele.exposure	effect_allele.outcome	other_allele.outcome	beta.exposure	beta.outcome	eaf.exposure	eaf.outcome	remove	palindromic	ambiguous	id.outcome	chr	pos	se.outcome	samplesize.outcome	pval.outcome	outcome	originalname.outcome	outcome.deprecated	mr_keep.outcome	data_source.outcome	se.exposure	pval.exposure	exposure	id.exposure	samplesize.exposure	chr.exposure	pos.exposure	mr_keep.exposure	data_source.exposure	action	SNP_index	mr_keep
"rs6816898"	"C"	"A"	"C"	"A"	-0.185104033080919	0.0630777	0.460926747209053	0.0811960000000001	FALSE	FALSE	FALSE	"bbj-a-140"	"4"	"76969057"	0.13104	NA	0.63026	"Pancreatic cancer || id:bbj-a-140"	"Pancreatic cancer"	"Pancreatic cancer ||  || "	TRUE	"igd"	0.00795834890777883	1.1481e-119	"eQTLGen_CXCL10"	"CXCL10"	NA	4	76969057	TRUE	"eQTLGen_reconstructed"	2	1	TRUE
"rs506893"	"G"	"T"	"G"	"T"	-0.229180838576228	-0.1278	0.27035965274907	0.197706	FALSE	FALSE	FALSE	"bbj-a-140"	"1"	"89687213"	0.088601	NA	0.149183	"Pancreatic cancer || id:bbj-a-140"	"Pancreatic cancer"	"Pancreatic cancer ||  || "	TRUE	"igd"	0.00885100484205228	7.9441e-148	"eQTLGen_GBP4"	"GBP4"	NA	1	89687213	TRUE	"eQTLGen_reconstructed"	2	1	TRUE
"rs6674748"	"C"	"T"	"C"	"T"	-0.0929424560024198	0.00760672	0.178713401116123	0.105136	FALSE	FALSE	FALSE	"bbj-a-140"	"1"	"89712871"	0.12276	NA	0.950591	"Pancreatic cancer || id:bbj-a-140"	"Pancreatic cancer"	"Pancreatic cancer ||  || "	TRUE	"igd"	0.0104297303426458	5.0392e-19	"eQTLGen_GBP4"	"GBP4"	NA	1	89712871	TRUE	"eQTLGen_reconstructed"	2	1	TRUE
"rs1046040"	"A"	"G"	"A"	"G"	0.505385115020097	-0.0672966	0.221390260740269	0.169589	FALSE	FALSE	FALSE	"bbj-a-140"	"19"	"1095514"	0.0894745	NA	0.451972	"Pancreatic cancer || id:bbj-a-140"	"Pancreatic cancer"	"Pancreatic cancer ||  || "	TRUE	"igd"	0.01056645553386	2.15656270667885e-308	"eQTLGen_GPX4"	"GPX4"	NA	19	1095514	TRUE	"eQTLGen_reconstructed"	2	1	TRUE
"rs1076266"	"G"	"C"	"G"	"C"	-0.610014995959587	0.0330688	0.0435596864812374	0.192469	FALSE	TRUE	FALSE	"bbj-a-140"	"19"	"1124834"	0.0910702	NA	0.716521	"Pancreatic cancer || id:bbj-a-140"	"Pancreatic cancer"	"Pancreatic cancer ||  || "	TRUE	"igd"	0.0245608347241237	3.5735e-136	"eQTLGen_GPX4"	"GPX4"	NA	19	1124834	TRUE	"eQTLGen_reconstructed"	2	1	TRUE
"rs930231"	"A"	"G"	"A"	"G"	0.111869165989722	0.0369299	0.278658091891534	0.0820058	FALSE	FALSE	FALSE	"bbj-a-140"	"19"	"1036444"	0.145488	NA	0.799623	"Pancreatic cancer || id:bbj-a-140"	"Pancreatic cancer"	"Pancreatic cancer ||  || "	TRUE	"igd"	0.0111397952650013	9.9431e-24	"eQTLGen_GPX4"	"GPX4"	NA	19	1036444	TRUE	"eQTLGen_reconstructed"	2	1	TRUE
"rs2729483"	"C"	"A"	"C"	"A"	-0.121540378305673	0.0702904	0.183225341972642	0.366693	FALSE	FALSE	FALSE	"bbj-a-140"	"8"	"39825172"	0.0787033	NA	0.371801	"Pancreatic cancer || id:bbj-a-140"	"Pancreatic cancer"	"Pancreatic cancer ||  || "	TRUE	"igd"	0.011630769510299	1.4653e-25	"eQTLGen_IDO1"	"IDO1"	NA	8	39825172	TRUE	"eQTLGen_reconstructed"	2	1	TRUE
"rs7820268"	"T"	"C"	"T"	"C"	0.293430631758008	0.0585962	0.330696380923748	0.150902	FALSE	FALSE	FALSE	"bbj-a-140"	"8"	"39777529"	0.0937312	NA	0.531872	"Pancreatic cancer || id:bbj-a-140"	"Pancreatic cancer"	"Pancreatic cancer ||  || "	TRUE	"igd"	0.00910757649404244	9.815e-228	"eQTLGen_IDO1"	"IDO1"	NA	8	39777529	TRUE	"eQTLGen_reconstructed"	2	1	TRUE
"rs41294149"	"G"	"C"	"G"	"C"	-0.163889224125864	-0.00414656	0.0247412366770557	0.094825	FALSE	TRUE	FALSE	"bbj-a-140"	"10"	"5999470"	0.115239	NA	0.971296	"Pancreatic cancer || id:bbj-a-140"	"Pancreatic cancer"	"Pancreatic cancer ||  || "	TRUE	"igd"	0.0258109525207672	2.1588e-10	"eQTLGen_IL15RA"	"IL15RA"	NA	10	5999470	TRUE	"eQTLGen_reconstructed"	2	1	TRUE
"rs8177637"	"A"	"G"	"A"	"G"	0.312007273831759	0.0522431	0.481801498700107	0.553605	FALSE	FALSE	FALSE	"bbj-a-140"	"10"	"6017838"	0.0685894	NA	0.446252	"Pancreatic cancer || id:bbj-a-140"	"Pancreatic cancer"	"Pancreatic cancer ||  || "	TRUE	"igd"	0.00781068722010502	2.15656270667885e-308	"eQTLGen_IL15RA"	"IL15RA"	NA	10	6017838	TRUE	"eQTLGen_reconstructed"	2	1	TRUE
"rs1746137"	"T"	"C"	"T"	"C"	0.129359925922986	-0.0562542	0.180096819658067	0.0791005	FALSE	FALSE	FALSE	"bbj-a-140"	"9"	"116140667"	0.138269	NA	0.684121	"Pancreatic cancer || id:bbj-a-140"	"Pancreatic cancer"	"Pancreatic cancer ||  || "	TRUE	"igd"	0.0173772770644241	9.7681e-14	"eQTLGen_SLC31A1"	"SLC31A1"	NA	9	116140667	TRUE	"eQTLGen_reconstructed"	2	1	TRUE
"rs4390018"	"C"	"T"	"C"	"T"	-0.365640962534958	0.0453896	0.503937910995565	0.236412	FALSE	FALSE	FALSE	"bbj-a-140"	"9"	"115973393"	0.0818413	NA	0.579166	"Pancreatic cancer || id:bbj-a-140"	"Pancreatic cancer"	"Pancreatic cancer ||  || "	TRUE	"igd"	0.0115773280308702	6.4008e-219	"eQTLGen_SLC31A1"	"SLC31A1"	NA	9	115973393	TRUE	"eQTLGen_reconstructed"	2	1	TRUE
"rs6477990"	"A"	"G"	"A"	"G"	-0.134790250801933	-0.101385	0.360310421286031	0.116851	FALSE	FALSE	FALSE	"bbj-a-140"	"9"	"115944091"	0.104485	NA	0.33188	"Pancreatic cancer || id:bbj-a-140"	"Pancreatic cancer"	"Pancreatic cancer ||  || "	TRUE	"igd"	0.0122809004338654	5.0072e-28	"eQTLGen_SLC31A1"	"SLC31A1"	NA	9	115944091	TRUE	"eQTLGen_reconstructed"	2	1	TRUE
"rs59575101"	"G"	"T"	"G"	"T"	-0.589358114154325	0.0886792	0.11411087113031	0.169343	FALSE	FALSE	FALSE	"bbj-a-140"	"5"	"135333171"	0.0952108	NA	0.351648	"Pancreatic cancer || id:bbj-a-140"	"Pancreatic cancer"	"Pancreatic cancer ||  || "	TRUE	"igd"	0.0123652630617494	2.15656270667885e-308	"eQTLGen_TGFBI"	"TGFBI"	NA	5	135333171	TRUE	"eQTLGen_reconstructed"	2	1	TRUE
"rs62364444"	"C"	"T"	"C"	"T"	0.20059805447712	-0.0225101	0.0258575622310693	0.0385217	FALSE	FALSE	FALSE	"bbj-a-140"	"5"	"135358950"	0.206137	NA	0.913044	"Pancreatic cancer || id:bbj-a-140"	"Pancreatic cancer"	"Pancreatic cancer ||  || "	TRUE	"igd"	0.0257216564698569	6.2598e-15	"eQTLGen_TGFBI"	"TGFBI"	NA	5	135358950	TRUE	"eQTLGen_reconstructed"	2	1	TRUE
"rs36048657"	"T"	"C"	"T"	"C"	0.107492307503648	-0.10784	0.262924360862505	0.398728	FALSE	FALSE	FALSE	"bbj-a-140"	"1"	"92022364"	0.0689236	NA	0.117669	"Pancreatic cancer || id:bbj-a-140"	"Pancreatic cancer"	"Pancreatic cancer ||  || "	TRUE	"igd"	0.00902189813368873	9.9342e-33	"eQTLGen_TGFBR3"	"TGFBR3"	NA	1	92022364	TRUE	"eQTLGen_reconstructed"	2	1	TRUE
"rs4658259"	"C"	"A"	"C"	"A"	0.0833893773604083	0.0442973	0.177168314598293	0.11047	FALSE	FALSE	FALSE	"bbj-a-140"	"1"	"92151760"	0.108575	NA	0.683282	"Pancreatic cancer || id:bbj-a-140"	"Pancreatic cancer"	"Pancreatic cancer ||  || "	TRUE	"igd"	0.0103954744456173	1.0438e-15	"eQTLGen_TGFBR3"	"TGFBR3"	NA	1	92151760	TRUE	"eQTLGen_reconstructed"	2	1	TRUE
